1567719150222544896,1567719150222544896,2022-09-07 22:39:06 Hora de verano central (M√©xico),2022-09-07,22:39:06,-0500,407315909,jdkellyg,jesus david kelly g,,Una enfermera en #Escocia descubri√≥ que su esposo ten√≠a #Parkinson; 12 a√±os antes de la detecci√≥n oficial por parte de los m√©dicos; gracias al olor que sal√≠a de su cuerpo. Se usan pruebas de hisopado c√≥mo la del #Covid o la de #Influenza   https://t.co/eMsoMwSvOU,es,[],['https://www.instagram.com/s/aGlnaGxpZ2h0OjE3OTc4MDYwNTMzNjM2NTg4?story_media_id=2922292201180254845_868253612&igshid=YmMyMTA2M2Y='],[],0,0,0,"['escocia', 'parkinson', 'covid', 'influenza']",[],https://twitter.com/jdkellyg/status/1567719150222544896,False,,0,,Colombia,,,,,,[],,,,
1567719111894908929,1567719111894908929,2022-09-07 22:38:57 Hora de verano central (M√©xico),2022-09-07,22:38:57,-0500,407315909,jdkellyg,jesus david kelly g,,Una enfermera en #Escocia descubri√≥ que su esposo ten√≠a #Parkinson; 12 a√±os antes de la detecci√≥n oficial por parte de los m√©dicos; gracias al olor que sal√≠a de su cuerpo. Se usan pruebas de hisopado c√≥mo la del #Covid o la de #Influenza   https://t.co/yHL1K1N5pL,es,[],['https://www.instagram.com/s/aGlnaGxpZ2h0OjE4MTgyMzIyOTQ5MjI1NzU2?story_media_id=2922290345594904185_868253612&igshid=YmMyMTA2M2Y='],[],0,0,0,"['escocia', 'parkinson', 'covid', 'influenza']",[],https://twitter.com/jdkellyg/status/1567719111894908929,False,,0,,Colombia,,,,,,[],,,,
1567719072103636992,1567719072103636992,2022-09-07 22:38:48 Hora de verano central (M√©xico),2022-09-07,22:38:48,-0500,407315909,jdkellyg,jesus david kelly g,,Una enfermera en #Escocia descubri√≥ que su esposo ten√≠a #Parkinson; 12 a√±os antes de la detecci√≥n oficial por parte de los m√©dicos; gracias al olor que sal√≠a de su cuerpo. Se usan pruebas de hisopado c√≥mo la del #Covid o la de #Influenza   https://t.co/Uc1ZIYEWo7,es,[],['https://www.instagram.com/s/aGlnaGxpZ2h0OjE4MDE2Nzc5NDIxNDM3OTMx?story_media_id=2922288468014877267_868253612&igshid=YmMyMTA2M2Y='],[],0,0,0,"['escocia', 'parkinson', 'covid', 'influenza']",[],https://twitter.com/jdkellyg/status/1567719072103636992,False,,0,,Colombia,,,,,,[],,,,
1567719033939582977,1567719033939582977,2022-09-07 22:38:39 Hora de verano central (M√©xico),2022-09-07,22:38:39,-0500,407315909,jdkellyg,jesus david kelly g,,Una enfermera en #Escocia descubri√≥ que su esposo ten√≠a #Parkinson; 12 a√±os antes de la detecci√≥n oficial por parte de los m√©dicos; gracias al olor que sal√≠a de su cuerpo. Se usan pruebas de hisopado c√≥mo la del #Covid o la de #Influenza   https://t.co/rEsZu4QboQ,es,[],['https://www.instagram.com/s/aGlnaGxpZ2h0OjE3ODU2MzU5NzQxODA1MDI2?story_media_id=2922288017437613166_868253612&igshid=YmMyMTA2M2Y='],[],0,0,0,"['escocia', 'parkinson', 'covid', 'influenza']",[],https://twitter.com/jdkellyg/status/1567719033939582977,False,,0,,Colombia,,,,,,[],,,,
1567718474335543297,1567718474335543297,2022-09-07 22:36:25 Hora de verano central (M√©xico),2022-09-07,22:36:25,-0500,407315909,jdkellyg,jesus david kelly g,,Una enfermera en #Escocia descubri√≥ que su esposo ten√≠a #Parkinson; 12 a√±os antes de la detecci√≥n oficial por parte de los m√©dicos; gracias al olor que sal√≠a de su cuerpo. Se usan pruebas de hisopado c√≥mo la del #Covid o la de #Influenza   https://t.co/am6z619xKn,es,[],['https://instagram.com/jd891004?utm_medium=copy_link'],[],0,0,0,"['escocia', 'parkinson', 'covid', 'influenza']",[],https://twitter.com/jdkellyg/status/1567718474335543297,False,,0,,Colombia,,,,,,[],,,,
1567705939108679682,1567705939108679682,2022-09-07 21:46:37 Hora de verano central (M√©xico),2022-09-07,21:46:37,-0500,321057013,covidomicron_,Covid Omicron Ihu Gates,,Me escribe un corresponsal que dice que le est√°n enviando sms de la eps @sanitas. Donde le env√≠an un enlace para reportar si tiene s√≠ntomas despu√©s de haber tenido Covid.  1. El corresponsal dice no haber tenido Covid.  2. Qu√© si abre ese enlace puede contagiarse? @MinSaludCol  https://t.co/kBQQWFyqXz,es,"[{'screen_name': 'sanitas', 'name': 'sanitas', 'id': '14975940'}, {'screen_name': 'minsaludcol', 'name': 'minsaludcol', 'id': '371797057'}]",[],['https://pbs.twimg.com/media/FcGcJj9WQAAN25L.jpg'],0,6,7,[],[],https://twitter.com/CovidOmicron_/status/1567705939108679682,False,,1,https://pbs.twimg.com/media/FcGcJj9WQAAN25L.jpg,Colombia,,,,,,[],,,,
1567704383198056450,1567704383198056450,2022-09-07 21:40:26 Hora de verano central (M√©xico),2022-09-07,21:40:26,-0500,588786216,mariabetancur9,maria betancur n,,"China‚Äôs Economy Takes Hit From Global Slowdown as Exports Weaken Xi‚Äôs Covid Zero Strategy Faces Make-or-Break Test in Chengdu China‚Äôs Xi Has Broad Support for Continued Rule, Envoy Says Covid Zero Throttles Chinese Oil Demand Before Key Congress",en,[],[],[],0,0,0,[],[],https://twitter.com/mariabetancur9/status/1567704383198056450,False,,0,,Colombia,,,,,,[],,,,
1567702994619191296,1567698867155599362,2022-09-07 21:34:55 Hora de verano central (M√©xico),2022-09-07,21:34:55,-0500,1475259175798198274,cammi_hinata,Cammi_Hinata,,@Kazoorion En mi canal de YouTube subire un par de clips de mi au de Post Covid y la familia de Kyle y Rebecca en el futuro xD,es,[],[],[],1,0,0,[],[],https://twitter.com/Cammi_Hinata/status/1567702994619191296,False,,0,,Colombia,,,,,,"[{'screen_name': 'Kazoorion', 'name': 'Kazooinyan', 'id': '4819473076'}]",,,,
1567702737101492225,1567590452177637376,2022-09-07 21:33:53 Hora de verano central (M√©xico),2022-09-07,21:33:53,-0500,194290515,ktbohorquez,kathe Bohorquez,,"@josejposada Existen varias empezando por el medio ambiente, dejarle un mundo m√°s limpio y eco amigable a tu hija as√≠ no tendr√° que usar mascarilla y no solo por el COVID, entre muchas otras razones ü™¥",es,[],[],[],0,0,2,[],[],https://twitter.com/ktbohorquez/status/1567702737101492225,False,,0,,Colombia,,,,,,"[{'screen_name': 'josejposada', 'name': 'JJ', 'id': '147711574'}]",,,,
1567699349739536385,1567631059432472576,2022-09-07 21:20:26 Hora de verano central (M√©xico),2022-09-07,21:20:26,-0500,179290390,wwaycorrigan,Wrong Way Corrigan,,"@WSJopinion @BillGalston 'Lockdown, lockdown, lockdown.' That's what most seemed to want, as if it came with no price at all. Covid monomania ...   https://t.co/uJKsOVafIp",en,[],['https://wwcorrigan.blogspot.com/2022/07/death-to-dissenters-its-for-your-own.html'],[],0,0,0,[],[],https://twitter.com/wwaycorrigan/status/1567699349739536385,False,,0,,Colombia,,,,,,"[{'screen_name': 'WSJopinion', 'name': 'Wall Street Journal Opinion', 'id': '7228682'}, {'screen_name': 'BillGalston', 'name': 'Bill Galston', 'id': '1968918331'}]",,,,
1567698867155599362,1567698867155599362,2022-09-07 21:18:31 Hora de verano central (M√©xico),2022-09-07,21:18:31,-0500,1475259175798198274,cammi_hinata,Cammi_Hinata,,En mi au de Post Covid pienso que Kyle y Rebecca est√°n casados y pienso que Rebecca podr√≠a ser la madre de los futuros hijos de Kyle (quien sabe puede ser decisi√≥n de Trey y Matt :^)  https://t.co/XeMRUzx1P7,es,[],[],['https://pbs.twimg.com/media/FcGVz84XEAExumM.jpg'],1,0,1,[],[],https://twitter.com/Cammi_Hinata/status/1567698867155599362,False,,1,https://pbs.twimg.com/media/FcGVz84XEAExumM.jpg,Colombia,,,,,,[],,,,
1567696903000694788,1567696903000694788,2022-09-07 21:10:42 Hora de verano central (M√©xico),2022-09-07,21:10:42,-0500,407315909,jdkellyg,jesus david kelly g,,Una enfermera en #Escocia descubri√≥ que su esposo ten√≠a #Parkinson; 12 a√±os antes de la detecci√≥n oficial por parte de los m√©dicos; gracias al olor que sal√≠a de su cuerpo. Se usan pruebas de hisopado c√≥mo la del #Covid o la de #Influenza   https://t.co/4i6yccotSz,es,[],['https://www.facebook.com/groups/869354683731694/permalink/1019648235369004/'],[],0,0,0,"['escocia', 'parkinson', 'covid', 'influenza']",[],https://twitter.com/jdkellyg/status/1567696903000694788,False,,0,,Colombia,,,,,,[],,,,
1567696766853681153,1567696766853681153,2022-09-07 21:10:10 Hora de verano central (M√©xico),2022-09-07,21:10:10,-0500,407315909,jdkellyg,jesus david kelly g,,Una enfermera en #Escocia descubri√≥ que su esposo ten√≠a #Parkinson; 12 a√±os antes de la detecci√≥n oficial por parte de los m√©dicos; gracias al olor que sal√≠a de su cuerpo. Se usan pruebas de hisopado c√≥mo la del #Covid o la de #Influenza   https://t.co/Oz31OUTb7c,es,[],['https://www.facebook.com/groups/7083582602/?ref=share'],[],0,0,0,"['escocia', 'parkinson', 'covid', 'influenza']",[],https://twitter.com/jdkellyg/status/1567696766853681153,False,,0,,Colombia,,,,,,[],,,,
1567696712449277955,1567696712449277955,2022-09-07 21:09:57 Hora de verano central (M√©xico),2022-09-07,21:09:57,-0500,407315909,jdkellyg,jesus david kelly g,,Una enfermera en #Escocia descubri√≥ que su esposo ten√≠a #Parkinson; 12 a√±os antes de la detecci√≥n oficial por parte de los m√©dicos; gracias al olor que sal√≠a de su cuerpo. Se usan pruebas de hisopado c√≥mo la del #Covid o la de #Influenza   https://t.co/ttFKenD2J1,es,[],['https://www.facebook.com/groups/colombianosquevivimosenchicago/?ref=share'],[],0,0,0,"['escocia', 'parkinson', 'covid', 'influenza']",[],https://twitter.com/jdkellyg/status/1567696712449277955,False,,0,,Colombia,,,,,,[],,,,
1567696671240232961,1567696671240232961,2022-09-07 21:09:47 Hora de verano central (M√©xico),2022-09-07,21:09:47,-0500,407315909,jdkellyg,jesus david kelly g,,Una enfermera en #Escocia descubri√≥ que su esposo ten√≠a #Parkinson; 12 a√±os antes de la detecci√≥n oficial por parte de los m√©dicos; gracias al olor que sal√≠a de su cuerpo. Se usan pruebas de hisopado c√≥mo la del #Covid o la de #Influenza   https://t.co/UKKb9bJAv1,es,[],['https://www.facebook.com/groups/colombianosenilinois/?ref=share'],[],0,0,0,"['escocia', 'parkinson', 'covid', 'influenza']",[],https://twitter.com/jdkellyg/status/1567696671240232961,False,,0,,Colombia,,,,,,[],,,,
1567696633936084993,1567696633936084993,2022-09-07 21:09:38 Hora de verano central (M√©xico),2022-09-07,21:09:38,-0500,407315909,jdkellyg,jesus david kelly g,,Una enfermera en #Escocia descubri√≥ que su esposo ten√≠a #Parkinson; 12 a√±os antes de la detecci√≥n oficial por parte de los m√©dicos; gracias al olor que sal√≠a de su cuerpo. Se usan pruebas de hisopado c√≥mo la del #Covid o la de #Influenza   https://t.co/rMn4z3YAuK,es,[],['https://www.facebook.com/groups/832605190120646/?ref=share'],[],0,0,0,"['escocia', 'parkinson', 'covid', 'influenza']",[],https://twitter.com/jdkellyg/status/1567696633936084993,False,,0,,Colombia,,,,,,[],,,,
1567696597147947008,1567696597147947008,2022-09-07 21:09:29 Hora de verano central (M√©xico),2022-09-07,21:09:29,-0500,407315909,jdkellyg,jesus david kelly g,,Una enfermera en #Escocia descubri√≥ que su esposo ten√≠a #Parkinson; 12 a√±os antes de la detecci√≥n oficial por parte de los m√©dicos; gracias al olor que sal√≠a de su cuerpo. Se usan pruebas de hisopado c√≥mo la del #Covid o la de #Influenza   https://t.co/6RVEKokRgU,es,[],['https://www.facebook.com/groups/colombianosenchicago/?ref=share'],[],0,0,0,"['escocia', 'parkinson', 'covid', 'influenza']",[],https://twitter.com/jdkellyg/status/1567696597147947008,False,,0,,Colombia,,,,,,[],,,,
1567696560305192961,1567696560305192961,2022-09-07 21:09:21 Hora de verano central (M√©xico),2022-09-07,21:09:21,-0500,407315909,jdkellyg,jesus david kelly g,,Una enfermera en #Escocia descubri√≥ que su esposo ten√≠a #Parkinson; 12 a√±os antes de la detecci√≥n oficial por parte de los m√©dicos; gracias al olor que sal√≠a de su cuerpo. Se usan pruebas de hisopado c√≥mo la del #Covid o la de #Influenza   https://t.co/xt5Xv6BxEX,es,[],['https://m.facebook.com/groups/colochicago/permalink/10165084764350181/'],[],0,0,0,"['escocia', 'parkinson', 'covid', 'influenza']",[],https://twitter.com/jdkellyg/status/1567696560305192961,False,,0,,Colombia,,,,,,[],,,,
1567696416826433536,1567696416826433536,2022-09-07 21:08:46 Hora de verano central (M√©xico),2022-09-07,21:08:46,-0500,407315909,jdkellyg,jesus david kelly g,,Una enfermera en #Escocia descubri√≥ que su esposo ten√≠a #Parkinson; 12 a√±os antes de la detecci√≥n oficial por parte de los m√©dicos; gracias al olor que sal√≠a de su cuerpo. Se usan pruebas de hisopado c√≥mo la del #Covid o la de #Influenza   https://t.co/r9e38VHwQf,es,[],['https://www.facebook.com/groups/340107472680631/permalink/5753410144683643/'],[],0,0,0,"['escocia', 'parkinson', 'covid', 'influenza']",[],https://twitter.com/jdkellyg/status/1567696416826433536,False,,0,,Colombia,,,,,,[],,,,
1567696367295799298,1567696367295799298,2022-09-07 21:08:35 Hora de verano central (M√©xico),2022-09-07,21:08:35,-0500,407315909,jdkellyg,jesus david kelly g,,Una enfermera en #Escocia descubri√≥ que su esposo ten√≠a #Parkinson; 12 a√±os antes de la detecci√≥n oficial por parte de los m√©dicos; gracias al olor que sal√≠a de su cuerpo. Se usan pruebas de hisopado c√≥mo la del #Covid o la de #Influenza   https://t.co/ZdyweGB6QZ,es,[],['https://www.facebook.com/groups/730163883745220/permalink/5500026793425548/'],[],0,0,0,"['escocia', 'parkinson', 'covid', 'influenza']",[],https://twitter.com/jdkellyg/status/1567696367295799298,False,,0,,Colombia,,,,,,[],,,,
1567696239923183622,1567696239923183622,2022-09-07 21:08:04 Hora de verano central (M√©xico),2022-09-07,21:08:04,-0500,407315909,jdkellyg,jesus david kelly g,,Una enfermera en #Escocia descubri√≥ que su esposo ten√≠a #Parkinson; 12 a√±os antes de la detecci√≥n oficial por parte de los m√©dicos; gracias al olor que sal√≠a de su cuerpo. Se usan pruebas de hisopado c√≥mo la del #Covid o la de #Influenza   https://t.co/OdQIvbQHEj,es,[],['https://m.facebook.com/story.php?story_fbid=pfbid07rRjTaV8LJZCVuEPTQDX6WK5dMuSkdyCALfmurSedGjmnaLu8esVYYZoN84L72n4l&id=1125609262'],[],0,0,0,"['escocia', 'parkinson', 'covid', 'influenza']",[],https://twitter.com/jdkellyg/status/1567696239923183622,False,,0,,Colombia,,,,,,[],,,,
1567694808507973635,1567694808507973635,2022-09-07 21:02:23 Hora de verano central (M√©xico),2022-09-07,21:02:23,-0500,407315909,jdkellyg,jesus david kelly g,,Una enfermera en #Escocia descubri√≥ que su esposo ten√≠a #Parkinson; 12 a√±os antes de la detecci√≥n oficial por parte de los m√©dicos; gracias al olor que sal√≠a de su cuerpo. Se usan pruebas de hisopado c√≥mo la del #Covid o la de #Influenza   https://t.co/DOdsVLQMu5,es,[],['https://www.bbc.com/mundo/noticias-62820415?at_custom1=%5Bpost+type%5D&at_campaign=64&at_custom3=BBC+News+Mundo&at_custom2=facebook_page&at_medium=custom7&at_custom4=B26A8DDA-2E9E-11ED-B3E0-10D1923C408C'],[],0,0,0,"['escocia', 'parkinson', 'covid', 'influenza']",[],https://twitter.com/jdkellyg/status/1567694808507973635,False,,0,,Colombia,,,,,,[],,,,
1567694025720733696,1567691509813710848,2022-09-07 20:59:16 Hora de verano central (M√©xico),2022-09-07,20:59:16,-0500,482542889,jantiuribista,Jurista Antiuribista ‚öñÔ∏è,,@AlbertoBernalLe ¬øEso le dijeron los mismos que antes le advirtieron que el COVID no llegar√≠a a Miami por el calor? Mmm‚Ä¶ interesante‚Ä¶ ü´¢,es,[],[],[],0,7,97,[],[],https://twitter.com/JAntiuribista/status/1567694025720733696,False,,0,,Colombia,,,,,,"[{'screen_name': 'AlbertoBernalLe', 'name': 'Alberto Bernal', 'id': '179722950'}]",,,,
1567691057550295040,1567647603268919296,2022-09-07 20:47:29 Hora de verano central (M√©xico),2022-09-07,20:47:29,-0500,1711548704,pazprogreso,PAZ es Progreso üá®üá¥ ü¶ãüåπ,,"@EsmeHernandezSi M√°s bien que @MiguelUribeT le explique a todo el pa√≠s, la plata que el y sus amigos se robaron en la PANDEMIA del COVID-19  Por eso AUV lo puso de 1ro. en la lista, para devolver favores  @JulianProgre @MONYRODRIGUEZOF @LevyRincon @JulianRoman @PactoCol @pulzo @WRadioColombia  https://t.co/RkjFVKUgN4",es,"[{'screen_name': 'migueluribet', 'name': 'miguel uribe turbay', 'id': '163341528'}, {'screen_name': 'julianprogre', 'name': 'julyelprogreoriginal', 'id': '1540525821324132353'}, {'screen_name': 'monyrodriguezof', 'name': 'm√≥nica rodr√≠guez', 'id': '218592577'}, {'screen_name': 'levyrincon', 'name': 'levy rinc√≥n', 'id': '1010113508233699328'}, {'screen_name': 'julianroman', 'name': 'juli√°n rom√°n', 'id': '142092456'}, {'screen_name': 'pactocol', 'name': 'pacto hist√≥rico oficial', 'id': '1430537077146464260'}, {'screen_name': 'pulzo', 'name': 'pulzo', 'id': '1733793840'}, {'screen_name': 'wradiocolombia', 'name': 'w radio colombia', 'id': '20560294'}]",[],['https://pbs.twimg.com/media/FcGOtDDXgAECv3w.jpg'],0,0,0,[],[],https://twitter.com/PazProgreso/status/1567691057550295040,False,,1,https://pbs.twimg.com/media/FcGOtDDXgAECv3w.jpg,Colombia,,,,,,"[{'screen_name': 'EsmeHernandezSi', 'name': 'üçÉEsmeralda Hern√°ndezüçÉ', 'id': '2347647304'}]",,,,
1567690240025935873,1567500960896880641,2022-09-07 20:44:14 Hora de verano central (M√©xico),2022-09-07,20:44:14,-0500,1503930431032414210,opositorco,Opositor Colombiano,,"@david12262535 @charlespinosaH @PalomaSenadora Lo mejor de este pa√≠s que ha limpiado la escoria de nuestro pais, bien o mal lo ha hecho, y lo que no pudo el el COVID lo termin√≥ de limpiar, para acabar con tantos parasit√≥ que nos consum√≠a, subsidiados pidiendo educaci√≥n, salud a cuerda de nuestros impuestos.",es,[],[],[],1,0,0,[],[],https://twitter.com/OpositorCo/status/1567690240025935873,False,,0,,Colombia,,,,,,"[{'screen_name': 'david12262535', 'name': 'No ‚Ç¨x&zT0 .i.', 'id': '968926698149474304'}, {'screen_name': 'charlespinosaH', 'name': 'Carlos A Espinosa', 'id': '452636829'}, {'screen_name': 'PalomaSenadora', 'name': 'Senadora Paloma Valencia', 'id': '1915063518'}]",,,,
1567679360718573568,1567679360718573568,2022-09-07 20:01:00 Hora de verano central (M√©xico),2022-09-07,20:01:00,-0500,1140517976,adnoticiasco,Am√©rica Digital Colombia,,Cient√≠ficos descubren que el tama√±o del cerebro podr√≠a reducirse tras una infecci√≥n de COVID-19   https://t.co/am1en1udLX,es,[],['https://bit.ly/3JRLpl8'],[],0,0,1,[],[],https://twitter.com/ADnoticiasCO/status/1567679360718573568,False,,0,,Colombia,,,,,,[],,,,
1567654032864313346,1567654032864313346,2022-09-07 18:20:21 Hora de verano central (M√©xico),2022-09-07,18:20:21,-0500,284291616,gestarsalud,Gestarsalud,,Si eres de Bucaramanga y no te has vacunado contra el covid-19 o te faltan tus refuerzosüíâ no te puedes perder la jornada de vacunaci√≥n que tiene preparada @AsmetSalud del 9 al 11 de SeptiembreüóìÔ∏è en ECOFEST.üëáüèº,es,"[{'screen_name': 'asmetsalud', 'name': 'asmet salud eps', 'id': '220598865'}]",[],[],0,1,1,[],[],https://twitter.com/Gestarsalud/status/1567654032864313346,False,https://twitter.com/AsmetSalud/status/1567633936532086786,0,,Colombia,,,,,,[],,,,
1567648186377932801,1567648186377932801,2022-09-07 17:57:07 Hora de verano central (M√©xico),2022-09-07,17:57:07,-0500,1021213534603087873,magicontrerasd,Margarita Contreras D.,,"Parce, re s√≠√≠√≠. La √∫nica secuela que me dej√≥ el covid fue no soportar el olor de esta cosa jajaja me marea instant√°neamente",es,[],[],[],0,0,0,[],[],https://twitter.com/magicontrerasd/status/1567648186377932801,False,https://twitter.com/martabustilloo/status/1567256531166498824,0,,Colombia,,,,,,[],,,,
1567627289986228224,1567627289986228224,2022-09-07 16:34:05 Hora de verano central (M√©xico),2022-09-07,16:34:05,-0500,1041042361768456192,mauud__,Julssguarito,,oigan y el covid?,es,[],[],[],0,0,0,[],[],https://twitter.com/mauud__/status/1567627289986228224,False,,0,,Colombia,,,,,,[],,,,
1567622067159195655,1567333797615603714,2022-09-07 16:13:20 Hora de verano central (M√©xico),2022-09-07,16:13:20,-0500,1475259175798198274,cammi_hinata,Cammi_Hinata,,@Kazoorion Lo mismo yo quiero ver m√°s fanarts de Darwin(el esposo de Wendy en Post Covid) UwU,es,[],[],[],1,0,0,[],[],https://twitter.com/Cammi_Hinata/status/1567622067159195655,False,,0,,Colombia,,,,,,"[{'screen_name': 'Kazoorion', 'name': 'Kazooinyan', 'id': '4819473076'}]",,,,
1567621257146818561,1567621257146818561,2022-09-07 16:10:07 Hora de verano central (M√©xico),2022-09-07,16:10:07,-0500,18079284,revistasemana,Revista Semana,,Nuevo contralor anunci√≥ que dio positivo por covid-19  https://t.co/cO0Um6mujn,es,[],['https://www.semana.com/confidenciales/articulo/nuevo-contralor-anuncio-que-dio-positivo-por-covid-19/202222/?utm_term=Autofeed&utm_campaign=Echobox&utm_medium=Social&utm_source=Twitter#Echobox=1662585000'],[],2,0,3,[],[],https://twitter.com/RevistaSemana/status/1567621257146818561,False,,0,,Colombia,,,,,,[],,,,
1567619445740261379,1567619445740261379,2022-09-07 16:02:55 Hora de verano central (M√©xico),2022-09-07,16:02:55,-0500,877662201322123264,noti_col,Noticias de Colombia,,"De d√≥nde sali√≥ el Covid 19, ministerio de Salud ‚û°‚Ä¶.",es,[],[],[],0,0,0,[],[],https://twitter.com/Noti_Col/status/1567619445740261379,False,,0,,Colombia,,,,,,[],,,,
1567618841173278720,1567618841173278720,2022-09-07 16:00:31 Hora de verano central (M√©xico),2022-09-07,16:00:31,-0500,256340200,rutadelsoltram3,Ruta del Sol Sector 3,,"No bajemos la guardia, los contagios por Covid-19 contin√∫an, el uso correcto de la üò∑ mascarilla es un h√°bito que ayuda a prevenir el contagio. #UsaSiempreElTapabocas  https://t.co/WEzneJ9ITI",es,[],[],['https://pbs.twimg.com/media/Fb7RXseXoAM18dA.jpg'],0,1,1,['usasiempreeltapabocas'],[],https://twitter.com/rutadelsoltram3/status/1567618841173278720,False,,1,https://pbs.twimg.com/media/Fb7RXseXoAM18dA.jpg,Colombia,,,,,,[],,,,
1567618591352098816,1567618591352098816,2022-09-07 15:59:31 Hora de verano central (M√©xico),2022-09-07,15:59:31,-0500,18079284,revistasemana,Revista Semana,,"La semana pasada falleci√≥ una persona por covid-19 cada 44 segundos, advirti√≥ la OMS  https://t.co/LRJtH2cpdX",es,[],['https://www.semana.com/coronavirus/articulo/la-semana-pasada-fallecio-una-persona-por-covid-19-cada-44-segundos-advirtio-la-oms/202240/?utm_term=Autofeed&utm_campaign=Echobox&utm_medium=Social&utm_source=Twitter#Echobox=1662584319'],[],0,1,4,[],[],https://twitter.com/RevistaSemana/status/1567618591352098816,False,,0,,Colombia,,,,,,[],,,,
1567617130626965509,1567493091627524096,2022-09-07 15:53:43 Hora de verano central (M√©xico),2022-09-07,15:53:43,-0500,3320136598,sofiapena06,SOF√çA,,"@phaulaard Hace un a√±o le llamaban covid, ahorita no s√©, jumm",es,[],[],[],1,0,1,[],[],https://twitter.com/sofiapena06/status/1567617130626965509,False,,0,,Colombia,,,,,,"[{'screen_name': 'phaulaard', 'name': 'Paula Rangel ü¶ã', 'id': '1420167601964130306'}]",,,,
1567586195852378115,1567383117350174720,2022-09-07 13:50:48 Hora de verano central (M√©xico),2022-09-07,13:50:48,-0500,1449599376,2000restrepo,manuel jose restrepo,,@DashDobrofsky Does all of this explain the COVID pandemic and the russian invasion of Ucraine?,en,[],[],[],0,0,0,[],[],https://twitter.com/2000Restrepo/status/1567586195852378115,False,,0,,Colombia,,,,,,"[{'screen_name': 'DashDobrofsky', 'name': 'Dash Dobrofsky', 'id': '1520612280643162112'}]",,,,
1567575062126919680,1567575062126919680,2022-09-07 13:06:33 Hora de verano central (M√©xico),2022-09-07,13:06:33,-0500,907332715,katherh97,KATHE,,Yo no s√© qu√© tengo si gripa o COVID pero est√° que me mata üò≠,es,[],[],[],0,0,0,[],[],https://twitter.com/katherh97/status/1567575062126919680,False,,0,,Colombia,,,,,,[],,,,
1567573849134305287,1567547019866021888,2022-09-07 13:01:44 Hora de verano central (M√©xico),2022-09-07,13:01:44,-0500,179290390,wwaycorrigan,Wrong Way Corrigan,,"@WSJ Welcome to 2022, #NewYork, a year in which we've seen some pushback against the madness ...    https://t.co/MXVe7sTCBa   #facemasks #covid_19",en,[],['https://wwcorrigan.blogspot.com/2022/09/the-liberal-illusion.html'],[],1,1,1,"['newyork', 'facemasks', 'covid_19']",[],https://twitter.com/wwaycorrigan/status/1567573849134305287,False,,0,,Colombia,,,,,,"[{'screen_name': 'WSJ', 'name': 'The Wall Street Journal', 'id': '3108351'}]",,,,
1567552408925999106,1567552408925999106,2022-09-07 11:36:32 Hora de verano central (M√©xico),2022-09-07,11:36:32,-0500,1350433273458126850,synlabc,SYNLAB Colombia,,Construimos nuevas alianzas para contribuir a tu salud.   Consulta si eres usuario de nuestros convenios y accede a los beneficios en ex√°menes de laboratorio cl√≠nico y pruebas para COVID-19.   https://t.co/fOfUQqI8pE  #SomosSYNLAB #Convenios,es,[],['http://www.synlab.co/convenios-de-descuento/'],[],0,0,1,"['somossynlab', 'convenios']",[],https://twitter.com/SynlabC/status/1567552408925999106,False,,0,,Colombia,,,,,,[],,,,
1567547351790673923,1567547351790673923,2022-09-07 11:16:26 Hora de verano central (M√©xico),2022-09-07,11:16:26,-0500,724848426928771072,colombiacomtw,Colombia.com,,#Salud Ahora podr√°s evitar las agujas: las vacunas para la Covid-19 ser√°n nasales üò±‚Äºüëá  https://t.co/WcqT1qirmD,es,[],['https://www.colombia.com/vida-y-estilo/salud-y-bienestar/vacuna-inhalada-china-covid19-366263'],[],0,0,0,['salud'],[],https://twitter.com/ColombiacomTW/status/1567547351790673923,False,,0,,Colombia,,,,,,[],,,,
1567540021133021184,1567333797615603714,2022-09-07 10:47:19 Hora de verano central (M√©xico),2022-09-07,10:47:19,-0500,1475259175798198274,cammi_hinata,Cammi_Hinata,,@Kazoorion Yo una vez hice a Rebecca adulta pero la har√© de nuevo y en mi au de Post Covid Rebecca en el futuro es la esposa de Kyle y tuvieron 2 hijos(los que aparecieron en Return Of Covid),es,[],[],[],1,0,0,[],[],https://twitter.com/Cammi_Hinata/status/1567540021133021184,False,,0,,Colombia,,,,,,"[{'screen_name': 'Kazoorion', 'name': 'Kazooinyan', 'id': '4819473076'}]",,,,
1567539160650579968,1567287331651985413,2022-09-07 10:43:54 Hora de verano central (M√©xico),2022-09-07,10:43:54,-0500,1239492907,240880casb,Carlos Sanchez,,"@ConservadorCol_ @ClaudiaLopez La movilidad,Seguridad,Puesta en marcha de obras del Metro,Manejo de COVID(Recorderis para desmemoriados,los respiradores llegaron tarde y sin patente,se gast√≥ un dineral en Corferias para que los enfermeros terminaran grabando videos jugando)Todo siempre fue culpa de alguien m√°s",es,[],[],[],0,0,0,[],[],https://twitter.com/240880Casb/status/1567539160650579968,False,,0,,Colombia,,,,,,"[{'screen_name': 'ConservadorCol_', 'name': 'Fico Guti√©rrez Fans! üá®üá¥', 'id': '1526345557601550340'}, {'screen_name': 'ClaudiaLopez', 'name': 'Claudia L√≥pez Hern√°ndez', 'id': '137908875'}]",,,,
1567536427444969473,1567536427444969473,2022-09-07 10:33:02 Hora de verano central (M√©xico),2022-09-07,10:33:02,-0500,3006581841,larquitect11,LABH,,En la @lavuelta atac√≥ m√°s el Covid que Enric Mas.  #LaVuelta22,es,"[{'screen_name': 'lavuelta', 'name': 'la vuelta', 'id': '280414653'}]",[],[],0,1,3,['lavuelta22'],[],https://twitter.com/larquitect11/status/1567536427444969473,False,,0,,Colombia,,,,,,[],,,,
1567534342083067906,1567534342083067906,2022-09-07 10:24:45 Hora de verano central (M√©xico),2022-09-07,10:24:45,-0500,1232352070612799488,alternativacol,Revista Alternativa,,"¬øPor qu√© es necesaria la cuarta dosis de la vacuna contra el Covid-19?  Entrevista con el Dr. Carlos √Ålvarez, m√©dico infect√≥logo y coordinador en Colombia de estudios del Covid-19 ante la OMS.    https://t.co/OeeSZFooU7",es,[],['https://revistalternativa.com/utimas-noticias/cuarta-dosis-contra-el-covid-19-disponible-para-todos-los-mayores-de-edad/'],[],1,1,0,[],[],https://twitter.com/AlternativaCOL/status/1567534342083067906,False,,0,,Colombia,,,,,,[],,,,
1567531469244964864,1567531469244964864,2022-09-07 10:13:20 Hora de verano central (M√©xico),2022-09-07,10:13:20,-0500,323945110,menchilili,Mercy Liliana,,"@SubRedSurOcci por favor su atenci√≥n, los canales expuestos al ciudadano no sirven para nada, informaci√≥n falsa en p√°ginas, nadie responde, por favor urgente mi registro de vacuna COVID.",es,[],[],[],1,0,0,[],[],https://twitter.com/Menchilili/status/1567531469244964864,False,https://twitter.com/menchilili/status/1567285852308381698,0,,Colombia,,,,,,[],,,,
1567530372191162370,1567238764543582211,2022-09-07 10:08:58 Hora de verano central (M√©xico),2022-09-07,10:08:58,-0500,1386117893033693194,ricardo39244538,coraz√≥n de Le√≥n,,"@Biscuit_lc Lo peor es que ni de la copa covid son campeones, siempre y siendo los eternos sub campeones.",es,[],[],[],0,0,0,[],[],https://twitter.com/Ricardo39244538/status/1567530372191162370,False,,0,,Colombia,,,,,,"[{'screen_name': 'Biscuit_lc', 'name': 'Cantor üíú', 'id': '221236449'}]",,,,
1567528122383220737,1567528122383220737,2022-09-07 10:00:02 Hora de verano central (M√©xico),2022-09-07,10:00:02,-0500,256340200,rutadelsoltram3,Ruta del Sol Sector 3,,"¬°No importa el estatus migratorio! Todas las personas deben vacunarse contra el COVID-19 en Colombia. No se requiere ning√∫n requisito, solo acercarse al punto de vacunaci√≥n m√°s cercano. ¬°Recuerda! Las vacunas salvan vidas.  https://t.co/B4dY161j1V",es,[],[],['https://pbs.twimg.com/media/Fb7RAt4WAAAGpd9.jpg'],0,1,0,[],[],https://twitter.com/rutadelsoltram3/status/1567528122383220737,False,,1,https://pbs.twimg.com/media/Fb7RAt4WAAAGpd9.jpg,Colombia,,,,,,[],,,,
1567527511319248897,1567527511319248897,2022-09-07 09:57:36 Hora de verano central (M√©xico),2022-09-07,09:57:36,-0500,63326696,aidyroa,Aidy Roa,,"¬øC√≥mo as√≠ que ya van en cuarta dosis de vacuna anti COVID?, yo apenas voy en la segunda.",es,[],[],[],0,2,6,[],[],https://twitter.com/AidyRoa/status/1567527511319248897,False,,0,,Colombia,,,,,,[],,,,
1567526788271677444,1567510137480282113,2022-09-07 09:54:44 Hora de verano central (M√©xico),2022-09-07,09:54:44,-0500,2761409577,sssofiasilva,Sofia Silva,,Lleg√≥ uno con sospecha de COVID y me dio dolor de cabeza ü§©,es,[],[],[],0,0,2,[],[],https://twitter.com/sssofiasilva/status/1567526788271677444,False,,0,,Colombia,,,,,,[],,,,
1567519654960062464,1567519654960062464,2022-09-07 09:26:23 Hora de verano central (M√©xico),2022-09-07,09:26:23,-0500,110758478,supersalud,Supersalud,,"Las vacunas contra el COVID-19 siguen salvando vidas. No pongas tu vida en riesgo, #Vac√∫nate.üíâ  https://t.co/Pw7pkIqsxL",es,[],[],['https://pbs.twimg.com/media/FcDxL6pX0AATxyu.jpg'],0,2,3,['vac√∫nate'],[],https://twitter.com/Supersalud/status/1567519654960062464,False,,1,https://pbs.twimg.com/media/FcDxL6pX0AATxyu.jpg,Colombia,,,,,,[],,,,
1567509022789484544,1567509018003869696,2022-09-07 08:44:08 Hora de verano central (M√©xico),2022-09-07,08:44:08,-0500,143233313,diegosaya,sonrie siempre,,"Enrique Vives asesin√≥ 7 j√≥venes borracho en su camioneta y le dieron 7 a√±os de casa por c√°rcel. De la #abudinen , del sr cianuro , de la sra fantasma #hurtosurbanos , hasta del mismo #duque dineros de la paz ,vacunas COVID , la justicia debe ser para todos  #fiscalia",es,[],[],[],0,0,0,"['abudinen', 'hurtosurbanos', 'duque', 'fiscalia']",[],https://twitter.com/diegosaya/status/1567509022789484544,False,,0,,Colombia,,,,,,[],,,,
1567503956032512001,1567465856233345029,2022-09-07 08:24:00 Hora de verano central (M√©xico),2022-09-07,08:24:00,-0500,724658377,dianaflh,DMFHüñ§üñ§üá®üá¥,,"@JuanPabloCalvas @PaoHerreraC Esos cargos no se requieren, lo primero que necesitan revisar es cuantas vacantes quedaron, despu√©s del Covid, ya que muchos empleados fallecieron y otros se fueron, despavoridos, pensionados. El fiscal Cianuro cre√≥ solo cargos de asesores con altos sueldos.",es,[],[],[],0,0,0,[],[],https://twitter.com/dianaflh/status/1567503956032512001,False,,0,,Colombia,,,,,,"[{'screen_name': 'JuanPabloCalvas', 'name': 'Juan Pablo Calv√°s', 'id': '3376511'}, {'screen_name': 'PaoHerreraC', 'name': 'Paola Herrera', 'id': '61028380'}]",,,,
1567498113530662913,1567498113530662913,2022-09-07 08:00:47 Hora de verano central (M√©xico),2022-09-07,08:00:47,-0500,113451138,prensaunal,Prensa UNAL - Universidad Nacional de Colombia,,#AgenciaUNAL ¬øPor qu√© es m√°s dif√≠cil crear vacunas para malaria üëÄ que para COVID-19?   Ent√©rate aqu√≠:üëâ https://t.co/Y2CloLwdVg #SomosCienciaUNAL|@ICNUNAL|@FCienciasUNALco |@RadioUNAL  https://t.co/IYawcv94ZP,es,"[{'screen_name': 'icnunal', 'name': 'instituto de ciencias naturales - u. nacional', 'id': '1039542983799046145'}, {'screen_name': 'fcienciasunalco', 'name': 'facultad de ciencias - universidad nacional', 'id': '1363185277'}, {'screen_name': 'radiounal', 'name': 'radio unal', 'id': '2461898006'}]",['https://bit.ly/3BsRyT7'],['https://pbs.twimg.com/media/FcDfOmbWQAARPCT.jpg'],1,2,4,"['agenciaunal', 'somoscienciaunal']",[],https://twitter.com/PrensaUNAL/status/1567498113530662913,False,,1,https://pbs.twimg.com/media/FcDfOmbWQAARPCT.jpg,Colombia,,,,,,[],,,,
1567493286499155968,1567493286499155968,2022-09-07 07:41:36 Hora de verano central (M√©xico),2022-09-07,07:41:36,-0500,1157343812643106816,alegonpepe,Mario - El Pepe Alegon,,ahora resulta que hay que es con una suscripci√≥n anual para la vacuna contra el covid. Finjamos cara de sorpresa.  https://t.co/5b0jyb8ilG,es,[],['https://www.reuters.com/world/us/us-covid-19-shots-remain-free-white-house-says-2022-09-06/'],[],0,0,0,[],[],https://twitter.com/AlegonPepe/status/1567493286499155968,False,,0,,Colombia,,,,,,[],,,,
1567484406318698497,1567484406318698497,2022-09-07 07:06:19 Hora de verano central (M√©xico),2022-09-07,07:06:19,-0500,321057013,covidomicron_,Covid Omicron Ihu Gates,,#ElMesDePetro ha sido bueno y ha seguido destapando la corrupci√≥n del gobierno de Iv√°n Duque como las casas de San Andr√©s.  #DelGobiernoEspero que siga dando soluciones y si los medios tradicionales lo atacan con el uribismo est√° haciendo su trabajo bien #felizmiercoles  https://t.co/GlqWfph7UV,es,[],[],['https://pbs.twimg.com/media/FcDSZLIXoAQ8Tx4.jpg'],0,8,8,"['elmesdepetro', 'delgobiernoespero', 'felizmiercoles']",[],https://twitter.com/CovidOmicron_/status/1567484406318698497,False,,1,https://pbs.twimg.com/media/FcDSZLIXoAQ8Tx4.jpg,Colombia,,,,,,[],,,,
1567475854078361600,1567475854078361600,2022-09-07 06:32:20 Hora de verano central (M√©xico),2022-09-07,06:32:20,-0500,2306857092,rolitanomas,Lis,,"Hace 2 a√±os muri√≥ mi t√≠o por COVID, el mismo d√≠a que cumpl√≠a a√±os, celebra en el cielo üéà",es,[],[],[],1,0,7,[],[],https://twitter.com/RolitaNoMas/status/1567475854078361600,False,,0,,Colombia,,,,,,[],,,,
1567469855862935554,1567469855862935554,2022-09-07 06:08:30 Hora de verano central (M√©xico),2022-09-07,06:08:30,-0500,78454644,juliocmd21,JULIO CESAR MORENO D,,Muchas personas enfrentan problemas de salud mental dos a√±os despu√©s de haber tenido COVID-19...  https://t.co/EuAJSk8pVF,es,[],['http://juliocmd.blogspot.com/2022/09/muchas-personas-enfrentan-problemas-de.html'],[],0,0,0,[],[],https://twitter.com/juliocmd21/status/1567469855862935554,False,,0,,Colombia,,,,,,[],,,,
1567377225082626048,1567260106802208777,2022-09-07 00:00:25 Hora de verano central (M√©xico),2022-09-07,00:00:25,-0500,2604179340,d0nmach0,‚ú™ùêÉùê®ùêßùêåùêöùêúùê°ùê®‚ú™,,@FisicoImpuro ¬øInminente? B√°jele al bazuco que el buitre gan√≥ por un margen √≠nfimo con una participaci√≥n de menos del 50 % de la poblaci√≥n votante. Las empresas invirtieron por la excelente gesti√≥n de la crisis del COVID-19 en el gobierno de @IvanDuque,es,"[{'screen_name': 'ivanduque', 'name': 'iv√°n duque üá®üá¥', 'id': '77653794'}]",[],[],0,0,0,[],[],https://twitter.com/D0nMach0/status/1567377225082626048,False,,0,,Colombia,,,,,,"[{'screen_name': 'FisicoImpuro', 'name': 'F√≠sico Impuro', 'id': '252402164'}]",,,,
1567375993031065600,1567374170995974146,2022-09-06 23:55:31 Hora de verano central (M√©xico),2022-09-06,23:55:31,-0500,247055920,itsinah_,ùêàùêçùêÄùêá,,"‚Ä¶cuando llegu√© al m√©dico, no pod√≠a mover la cara de un ladoüòµ‚Äçüí´. Me explicaron qu√© cuando no hay s√≠ntomas, el cuerpo busca la manera de defenderse y aunque el porcentaje es bajo, hay m√∫ltiples casos de covid asintom√°tico que se terminan reflejando en una par√°lisis facialü§¶üèª‚Äç‚ôÄÔ∏è  https://t.co/CdosI9Dgk4",es,[],[],['https://pbs.twimg.com/tweet_video_thumb/FcBwJ3nXkAAcw5i.jpg'],1,0,0,[],[],https://twitter.com/itsinah_/status/1567375993031065600,False,,1,https://pbs.twimg.com/tweet_video_thumb/FcBwJ3nXkAAcw5i.jpg,Colombia,,,,,,[],,,,
1567374720210714627,1567374170995974146,2022-09-06 23:50:28 Hora de verano central (M√©xico),2022-09-06,23:50:28,-0500,247055920,itsinah_,ùêàùêçùêÄùêá,,"Empecemos desde el comienzo (valga la redundancia).  Hace aproximadamente tres meses empec√© a tener problemas de salud. Todo empez√≥ con un diagn√≥stico positivo de Covid. Me aisl√© 7 d√≠as, y cre√≠ que todo estaba bien porque fui completamente asintom√°tica, hasta que‚Ä¶",es,[],[],[],1,0,0,[],[],https://twitter.com/itsinah_/status/1567374720210714627,False,,0,,Colombia,,,,,,[],,,,
